{
    "necessary": {
        "name": "Necessary",
        "description": "<p>Necessary cookies are required to enable the basic features of this site, such as providing secure log-in or adjusting your consent preferences. These cookies do not store any personally identifiable data.</p>"
    },
    "functional": {
        "name": "Functional",
        "description": "<p>Functional cookies help perform certain functionalities like sharing the content of the website on social media platforms, collecting feedback, and other third-party features.</p>"
    },
    "analytics": {
        "name": "Analytics",
        "description": "<p>Analytical cookies are used to understand how visitors interact with the website. These cookies help provide information on metrics such as the number of visitors, bounce rate, traffic source, etc.</p>"
    },
    "performance": {
        "name": "Performance",
        "description": "<p>Performance cookies are used to understand and analyse the key performance indexes of the website which helps in delivering a better user experience for the visitors.</p>"
    },
    "advertisement": {
        "name": "Advertisement",
        "description": "<p>Advertisement cookies are used to provide visitors with customised advertisements based on the pages you visited previously and to analyse the effectiveness of the ad campaigns.</p>"
    }
}